[
    {
        "pk": 1, 
        "model": "FuzzEd.project", 
        "fields": {
            "name": "Test Project", 
            "created": "2014-03-17T07:50:45.835", 
            "deleted": false, 
            "modified": "2014-06-26T15:35:56.822", 
            "owner": 1, 
            "users": []
        }
    }, 
    {
        "pk": 1, 
        "model": "FuzzEd.graph", 
        "fields": {
            "read_only": false, 
            "kind": "faulttree", 
            "name": "Fault Tree", 
            "created": "2014-03-17T07:50:53.299", 
            "deleted": false, 
            "modified": "2014-06-26T15:35:13.633", 
            "project": 1, 
            "owner": 1
        }
    }, 
    {
        "pk": 2, 
        "model": "FuzzEd.graph", 
        "fields": {
            "read_only": false, 
            "kind": "fuzztree", 
            "name": "FuzzTree", 
            "created": "2014-03-17T07:50:59.914", 
            "deleted": false, 
            "modified": "2014-06-26T15:35:13.651", 
            "project": 1, 
            "owner": 1
        }
    }, 
    {
        "pk": 3, 
        "model": "FuzzEd.graph", 
        "fields": {
            "read_only": false, 
            "kind": "rbd", 
            "name": "RBD", 
            "created": "2014-03-17T07:51:08.587", 
            "deleted": false, 
            "modified": "2014-06-26T15:35:13.658", 
            "project": 1, 
            "owner": 1
        }
    }, 
    {
        "pk": 7, 
        "model": "FuzzEd.graph", 
        "fields": {
            "read_only": false, 
            "kind": "dfd", 
            "name": "DFD", 
            "created": "2014-06-26T15:35:40.026", 
            "deleted": false, 
            "modified": "2014-06-26T15:35:56.813", 
            "project": 1, 
            "owner": 1
        }
    }, 
    {
        "pk": 1, 
        "model": "FuzzEd.node", 
        "fields": {
            "kind": "topEvent", 
            "deleted": false, 
            "graph": 1, 
            "client_id": 0, 
            "y": 1, 
            "x": 10
        }
    }, 
    {
        "pk": 2, 
        "model": "FuzzEd.node", 
        "fields": {
            "kind": "topEvent", 
            "deleted": false, 
            "graph": 2, 
            "client_id": 0, 
            "y": 1, 
            "x": 10
        }
    }, 
    {
        "pk": 3, 
        "model": "FuzzEd.node", 
        "fields": {
            "kind": "start", 
            "deleted": false, 
            "graph": 3, 
            "client_id": 0, 
            "y": 7, 
            "x": 5
        }
    }, 
    {
        "pk": 4, 
        "model": "FuzzEd.node", 
        "fields": {
            "kind": "end", 
            "deleted": false, 
            "graph": 3, 
            "client_id": 1, 
            "y": 7, 
            "x": 15
        }
    }, 
    {
        "pk": 5, 
        "model": "FuzzEd.node", 
        "fields": {
            "kind": "andGate", 
            "deleted": false, 
            "graph": 1, 
            "client_id": 1, 
            "y": 3, 
            "x": 10
        }
    }, 
    {
        "pk": 6, 
        "model": "FuzzEd.node", 
        "fields": {
            "kind": "basicEvent", 
            "deleted": false, 
            "graph": 1, 
            "client_id": 2, 
            "y": 5, 
            "x": 9
        }
    }, 
    {
        "pk": 8, 
        "model": "FuzzEd.node", 
        "fields": {
            "kind": "orGate", 
            "deleted": false, 
            "graph": 1, 
            "client_id": 7, 
            "y": 5, 
            "x": 11
        }
    }, 
    {
        "pk": 9, 
        "model": "FuzzEd.node", 
        "fields": {
            "kind": "basicEvent", 
            "deleted": false, 
            "graph": 1, 
            "client_id": 9, 
            "y": 8, 
            "x": 10
        }
    }, 
    {
        "pk": 10, 
        "model": "FuzzEd.node", 
        "fields": {
            "kind": "basicEvent", 
            "deleted": false, 
            "graph": 1, 
            "client_id": 10, 
            "y": 8, 
            "x": 12
        }
    }, 
    {
        "pk": 11, 
        "model": "FuzzEd.node", 
        "fields": {
            "kind": "andGate", 
            "deleted": false, 
            "graph": 2, 
            "client_id": 1, 
            "y": 3, 
            "x": 10
        }
    }, 
    {
        "pk": 12, 
        "model": "FuzzEd.node", 
        "fields": {
            "kind": "basicEvent", 
            "deleted": false, 
            "graph": 2, 
            "client_id": 2, 
            "y": 5, 
            "x": 9
        }
    }, 
    {
        "pk": 13, 
        "model": "FuzzEd.node", 
        "fields": {
            "kind": "orGate", 
            "deleted": false, 
            "graph": 2, 
            "client_id": 5, 
            "y": 5, 
            "x": 11
        }
    }, 
    {
        "pk": 14, 
        "model": "FuzzEd.node", 
        "fields": {
            "kind": "basicEvent", 
            "deleted": false, 
            "graph": 2, 
            "client_id": 7, 
            "y": 7, 
            "x": 10
        }
    }, 
    {
        "pk": 15, 
        "model": "FuzzEd.node", 
        "fields": {
            "kind": "basicEvent", 
            "deleted": false, 
            "graph": 2, 
            "client_id": 9, 
            "y": 7, 
            "x": 12
        }
    }, 
    {
        "pk": 16, 
        "model": "FuzzEd.node", 
        "fields": {
            "kind": "block", 
            "deleted": false, 
            "graph": 3, 
            "client_id": 2, 
            "y": 5, 
            "x": 10
        }
    }, 
    {
        "pk": 17, 
        "model": "FuzzEd.node", 
        "fields": {
            "kind": "block", 
            "deleted": false, 
            "graph": 3, 
            "client_id": 3, 
            "y": 9, 
            "x": 10
        }
    }, 
    {
        "pk": 18, 
        "model": "FuzzEd.node", 
        "fields": {
            "kind": "process", 
            "deleted": false, 
            "graph": 7, 
            "client_id": 1, 
            "y": 2, 
            "x": 10
        }
    }, 
    {
        "pk": 19, 
        "model": "FuzzEd.node", 
        "fields": {
            "kind": "storage", 
            "deleted": false, 
            "graph": 7, 
            "client_id": 2, 
            "y": 5, 
            "x": 7
        }
    }, 
    {
        "pk": 20, 
        "model": "FuzzEd.node", 
        "fields": {
            "kind": "external", 
            "deleted": false, 
            "graph": 7, 
            "client_id": 3, 
            "y": 5, 
            "x": 12
        }
    }, 
    {
        "pk": 1, 
        "model": "FuzzEd.edge", 
        "fields": {
            "deleted": false, 
            "graph": 1, 
            "target": 5, 
            "client_id": 4, 
            "source": 1
        }
    }, 
    {
        "pk": 2, 
        "model": "FuzzEd.edge", 
        "fields": {
            "deleted": false, 
            "graph": 1, 
            "target": 6, 
            "client_id": 5, 
            "source": 5
        }
    }, 
    {
        "pk": 4, 
        "model": "FuzzEd.edge", 
        "fields": {
            "deleted": false, 
            "graph": 1, 
            "target": 8, 
            "client_id": 8, 
            "source": 5
        }
    }, 
    {
        "pk": 5, 
        "model": "FuzzEd.edge", 
        "fields": {
            "deleted": false, 
            "graph": 1, 
            "target": 9, 
            "client_id": 11, 
            "source": 8
        }
    }, 
    {
        "pk": 6, 
        "model": "FuzzEd.edge", 
        "fields": {
            "deleted": false, 
            "graph": 1, 
            "target": 10, 
            "client_id": 12, 
            "source": 8
        }
    }, 
    {
        "pk": 7, 
        "model": "FuzzEd.edge", 
        "fields": {
            "deleted": false, 
            "graph": 2, 
            "target": 11, 
            "client_id": 3, 
            "source": 2
        }
    }, 
    {
        "pk": 8, 
        "model": "FuzzEd.edge", 
        "fields": {
            "deleted": false, 
            "graph": 2, 
            "target": 12, 
            "client_id": 4, 
            "source": 11
        }
    }, 
    {
        "pk": 9, 
        "model": "FuzzEd.edge", 
        "fields": {
            "deleted": false, 
            "graph": 2, 
            "target": 13, 
            "client_id": 6, 
            "source": 11
        }
    }, 
    {
        "pk": 10, 
        "model": "FuzzEd.edge", 
        "fields": {
            "deleted": false, 
            "graph": 2, 
            "target": 14, 
            "client_id": 8, 
            "source": 13
        }
    }, 
    {
        "pk": 11, 
        "model": "FuzzEd.edge", 
        "fields": {
            "deleted": false, 
            "graph": 2, 
            "target": 15, 
            "client_id": 10, 
            "source": 13
        }
    }, 
    {
        "pk": 12, 
        "model": "FuzzEd.edge", 
        "fields": {
            "deleted": false, 
            "graph": 3, 
            "target": 16, 
            "client_id": 4, 
            "source": 3
        }
    }, 
    {
        "pk": 13, 
        "model": "FuzzEd.edge", 
        "fields": {
            "deleted": false, 
            "graph": 3, 
            "target": 17, 
            "client_id": 5, 
            "source": 3
        }
    }, 
    {
        "pk": 14, 
        "model": "FuzzEd.edge", 
        "fields": {
            "deleted": false, 
            "graph": 3, 
            "target": 4, 
            "client_id": 6, 
            "source": 16
        }
    }, 
    {
        "pk": 15, 
        "model": "FuzzEd.edge", 
        "fields": {
            "deleted": false, 
            "graph": 3, 
            "target": 4, 
            "client_id": 7, 
            "source": 17
        }
    }, 
    {
        "pk": 16, 
        "model": "FuzzEd.edge", 
        "fields": {
            "deleted": false, 
            "graph": 7, 
            "target": 20, 
            "client_id": 5, 
            "source": 18
        }
    }, 
    {
        "pk": 1, 
        "model": "FuzzEd.property", 
        "fields": {
            "node": 6, 
            "deleted": false, 
            "node_group": null, 
            "value": "Basic Event", 
            "edge": null, 
            "key": "name"
        }
    }, 
    {
        "pk": 2, 
        "model": "FuzzEd.property", 
        "fields": {
            "node": 6, 
            "deleted": false, 
            "node_group": null, 
            "value": "[0, 0.5]", 
            "edge": null, 
            "key": "probability"
        }
    }, 
    {
        "pk": 3, 
        "model": "FuzzEd.property", 
        "fields": {
            "node": 7, 
            "deleted": false, 
            "node_group": null, 
            "value": "Basic Event", 
            "edge": null, 
            "key": "name"
        }
    }, 
    {
        "pk": 4, 
        "model": "FuzzEd.property", 
        "fields": {
            "node": 7, 
            "deleted": false, 
            "node_group": null, 
            "value": "[0, 0]", 
            "edge": null, 
            "key": "probability"
        }
    }, 
    {
        "pk": 5, 
        "model": "FuzzEd.property", 
        "fields": {
            "node": 9, 
            "deleted": false, 
            "node_group": null, 
            "value": "Basic Event", 
            "edge": null, 
            "key": "name"
        }
    }, 
    {
        "pk": 6, 
        "model": "FuzzEd.property", 
        "fields": {
            "node": 9, 
            "deleted": false, 
            "node_group": null, 
            "value": "[0, 0.3]", 
            "edge": null, 
            "key": "probability"
        }
    }, 
    {
        "pk": 7, 
        "model": "FuzzEd.property", 
        "fields": {
            "node": 10, 
            "deleted": false, 
            "node_group": null, 
            "value": "Basic Event", 
            "edge": null, 
            "key": "name"
        }
    }, 
    {
        "pk": 8, 
        "model": "FuzzEd.property", 
        "fields": {
            "node": 10, 
            "deleted": false, 
            "node_group": null, 
            "value": "[1, 10000]", 
            "edge": null, 
            "key": "probability"
        }
    }, 
    {
        "pk": 9, 
        "model": "FuzzEd.property", 
        "fields": {
            "node": 12, 
            "deleted": false, 
            "node_group": null, 
            "value": 1, 
            "edge": null, 
            "key": "cost"
        }
    }, 
    {
        "pk": 10, 
        "model": "FuzzEd.property", 
        "fields": {
            "node": 12, 
            "deleted": false, 
            "node_group": null, 
            "value": false, 
            "edge": null, 
            "key": "optional"
        }
    }, 
    {
        "pk": 11, 
        "model": "FuzzEd.property", 
        "fields": {
            "node": 12, 
            "deleted": false, 
            "node_group": null, 
            "value": "Basic Event", 
            "edge": null, 
            "key": "name"
        }
    }, 
    {
        "pk": 12, 
        "model": "FuzzEd.property", 
        "fields": {
            "node": 12, 
            "deleted": false, 
            "node_group": null, 
            "value": "[0, [0.5, 0.03]]", 
            "edge": null, 
            "key": "probability"
        }
    }, 
    {
        "pk": 13, 
        "model": "FuzzEd.property", 
        "fields": {
            "node": 14, 
            "deleted": false, 
            "node_group": null, 
            "value": 1, 
            "edge": null, 
            "key": "cost"
        }
    }, 
    {
        "pk": 14, 
        "model": "FuzzEd.property", 
        "fields": {
            "node": 14, 
            "deleted": false, 
            "node_group": null, 
            "value": false, 
            "edge": null, 
            "key": "optional"
        }
    }, 
    {
        "pk": 15, 
        "model": "FuzzEd.property", 
        "fields": {
            "node": 14, 
            "deleted": false, 
            "node_group": null, 
            "value": "Basic Event", 
            "edge": null, 
            "key": "name"
        }
    }, 
    {
        "pk": 16, 
        "model": "FuzzEd.property", 
        "fields": {
            "node": 14, 
            "deleted": false, 
            "node_group": null, 
            "value": "[1, 20000]", 
            "edge": null, 
            "key": "probability"
        }
    }, 
    {
        "pk": 17, 
        "model": "FuzzEd.property", 
        "fields": {
            "node": 15, 
            "deleted": false, 
            "node_group": null, 
            "value": 1, 
            "edge": null, 
            "key": "cost"
        }
    }, 
    {
        "pk": 18, 
        "model": "FuzzEd.property", 
        "fields": {
            "node": 15, 
            "deleted": false, 
            "node_group": null, 
            "value": false, 
            "edge": null, 
            "key": "optional"
        }
    }, 
    {
        "pk": 19, 
        "model": "FuzzEd.property", 
        "fields": {
            "node": 15, 
            "deleted": false, 
            "node_group": null, 
            "value": "Basic Event", 
            "edge": null, 
            "key": "name"
        }
    }, 
    {
        "pk": 20, 
        "model": "FuzzEd.property", 
        "fields": {
            "node": 15, 
            "deleted": false, 
            "node_group": null, 
            "value": "[2, [0.925, 0.075]]", 
            "edge": null, 
            "key": "probability"
        }
    }, 
    {
        "pk": 21, 
        "model": "FuzzEd.property", 
        "fields": {
            "node": 16, 
            "deleted": false, 
            "node_group": null, 
            "value": "Node", 
            "edge": null, 
            "key": "name"
        }
    }, 
    {
        "pk": 22, 
        "model": "FuzzEd.property", 
        "fields": {
            "node": 16, 
            "deleted": false, 
            "node_group": null, 
            "value": "[0, 0.7]", 
            "edge": null, 
            "key": "probability"
        }
    }, 
    {
        "pk": 23, 
        "model": "FuzzEd.property", 
        "fields": {
            "node": 17, 
            "deleted": false, 
            "node_group": null, 
            "value": "Node", 
            "edge": null, 
            "key": "name"
        }
    }, 
    {
        "pk": 24, 
        "model": "FuzzEd.property", 
        "fields": {
            "node": 17, 
            "deleted": false, 
            "node_group": null, 
            "value": "[1, 15000]", 
            "edge": null, 
            "key": "probability"
        }
    }, 
    {
        "pk": 25, 
        "model": "FuzzEd.property", 
        "fields": {
            "node": 2, 
            "deleted": false, 
            "node_group": null, 
            "value": 17700, 
            "edge": null, 
            "key": "missionTime"
        }
    }, 
    {
        "pk": 26, 
        "model": "FuzzEd.property", 
        "fields": {
            "node": 2, 
            "deleted": false, 
            "node_group": null, 
            "value": 10, 
            "edge": null, 
            "key": "decompositions"
        }
    }, 
    {
        "pk": 27, 
        "model": "FuzzEd.property", 
        "fields": {
            "node": 1, 
            "deleted": false, 
            "node_group": null, 
            "value": 16600, 
            "edge": null, 
            "key": "missionTime"
        }
    }, 
    {
        "pk": 28, 
        "model": "FuzzEd.property", 
        "fields": {
            "node": 18, 
            "deleted": false, 
            "node_group": null, 
            "value": "Process", 
            "edge": null, 
            "key": "name"
        }
    }, 
    {
        "pk": 29, 
        "model": "FuzzEd.property", 
        "fields": {
            "node": 19, 
            "deleted": false, 
            "node_group": null, 
            "value": "Storage", 
            "edge": null, 
            "key": "name"
        }
    }, 
    {
        "pk": 30, 
        "model": "FuzzEd.property", 
        "fields": {
            "node": 20, 
            "deleted": false, 
            "node_group": null, 
            "value": "External Entity", 
            "edge": null, 
            "key": "name"
        }
    }, 
    {
        "pk": 31, 
        "model": "FuzzEd.property", 
        "fields": {
            "node": null, 
            "deleted": false, 
            "node_group": 1, 
            "value": "{u'value': u'Node Group'}", 
            "edge": null, 
            "key": "name"
        }
    }, 
    {
        "pk": 32, 
        "model": "FuzzEd.property", 
        "fields": {
            "node": null, 
            "deleted": false, 
            "node_group": null, 
            "value": "{u'value': u''}", 
            "edge": 16, 
            "key": "name"
        }
    } 
]