[
    {
        "pk": 1, 
        "model": "FuzzEd.project", 
        "fields": {
            "name": "Test Project", 
            "created": "2014-03-17T07:50:45.835", 
            "deleted": false, 
            "modified": "2014-04-06T15:39:57.436", 
            "owner": 2, 
            "users": []
        }
    }, 
    {
        "pk": 2, 
        "model": "FuzzEd.project", 
        "fields": {
            "name": "New Project", 
            "created": "2014-03-24T17:05:09.327", 
            "deleted": false, 
            "modified": "2014-03-24T17:05:27.908", 
            "owner": 3, 
            "users": []
        }
    }, 
    {
        "pk": 3, 
        "model": "FuzzEd.project", 
        "fields": {
            "name": "New Project", 
            "created": "2014-03-24T17:47:45.782", 
            "deleted": false, 
            "modified": "2014-04-06T15:07:35.770", 
            "owner": 4, 
            "users": []
        }
    }, 
    {
        "pk": 1, 
        "model": "FuzzEd.graph", 
        "fields": {
            "read_only": false, 
            "kind": "faulttree", 
            "name": "Fault Tree", 
            "created": "2014-03-17T07:50:53.299", 
            "deleted": false, 
            "modified": "2014-04-06T15:39:57.397", 
            "project": 1, 
            "owner": 2
        }
    }, 
    {
        "pk": 2, 
        "model": "FuzzEd.graph", 
        "fields": {
            "read_only": false, 
            "kind": "fuzztree", 
            "name": "FuzzTree", 
            "created": "2014-03-17T07:50:59.914", 
            "deleted": false, 
            "modified": "2014-04-06T15:39:57.423", 
            "project": 1, 
            "owner": 2
        }
    }, 
    {
        "pk": 3, 
        "model": "FuzzEd.graph", 
        "fields": {
            "read_only": false, 
            "kind": "rbd", 
            "name": "RBD", 
            "created": "2014-03-17T07:51:08.587", 
            "deleted": false, 
            "modified": "2014-04-06T15:39:57.434", 
            "project": 1, 
            "owner": 2
        }
    }, 
    {
        "pk": 4, 
        "model": "FuzzEd.graph", 
        "fields": {
            "read_only": false, 
            "kind": "faulttree", 
            "name": "Reliability Diagram", 
            "created": "2013-11-03T22:53:11.563", 
            "deleted": true, 
            "modified": "2014-03-17T18:18:53.637", 
            "project": 1, 
            "owner": 2
        }
    }, 
    {
        "pk": 5, 
        "model": "FuzzEd.graph", 
        "fields": {
            "read_only": false, 
            "kind": "faulttree", 
            "name": "Reliability Diagram", 
            "created": "2013-11-03T23:02:41.621", 
            "deleted": true, 
            "modified": "2014-03-17T18:18:53.642", 
            "project": 1, 
            "owner": 2
        }
    }, 
    {
        "pk": 6, 
        "model": "FuzzEd.graph", 
        "fields": {
            "read_only": false, 
            "kind": "faulttree", 
            "name": "Reliability Diagram", 
            "created": "2013-11-03T23:03:02.242", 
            "deleted": true, 
            "modified": "2014-03-19T22:27:42.886", 
            "project": 1, 
            "owner": 2
        }
    }, 
    {
        "pk": 7, 
        "model": "FuzzEd.graph", 
        "fields": {
            "read_only": false, 
            "kind": "faulttree", 
            "name": "Reliability Diagram", 
            "created": "2014-03-24T17:05:18.216", 
            "deleted": false, 
            "modified": "2014-03-24T17:05:27.907", 
            "project": 2, 
            "owner": 3
        }
    }, 
    {
        "pk": 8, 
        "model": "FuzzEd.graph", 
        "fields": {
            "read_only": false, 
            "kind": "fuzztree", 
            "name": "Reliability Diagram", 
            "created": "2014-04-03T16:35:20.353", 
            "deleted": false, 
            "modified": "2014-04-03T16:35:20.393", 
            "project": 3, 
            "owner": 4
        }
    }, 
    {
        "pk": 9, 
        "model": "FuzzEd.graph", 
        "fields": {
            "read_only": false, 
            "kind": "dfd", 
            "name": "DFD", 
            "created": "2014-04-03T16:41:40.675", 
            "deleted": true, 
            "modified": "2014-04-03T17:11:42.010", 
            "project": 3, 
            "owner": 4
        }
    }, 
    {
        "pk": 10, 
        "model": "FuzzEd.graph", 
        "fields": {
            "read_only": false, 
            "kind": "dfd", 
            "name": "Reliability Diagram", 
            "created": "2014-04-03T17:11:46.813", 
            "deleted": true, 
            "modified": "2014-04-06T14:49:15.515", 
            "project": 3, 
            "owner": 4
        }
    }, 
    {
        "pk": 11, 
        "model": "FuzzEd.graph", 
        "fields": {
            "read_only": false, 
            "kind": "dfd", 
            "name": "Reliability Diagram", 
            "created": "2014-04-06T14:49:19.877", 
            "deleted": false, 
            "modified": "2014-04-06T15:07:35.769", 
            "project": 3, 
            "owner": 4
        }
    }, 
    {
        "pk": 12, 
        "model": "FuzzEd.graph", 
        "fields": {
            "read_only": false, 
            "kind": "faulttree", 
            "name": "Fault Tree", 
            "created": "2014-04-06T14:57:30.356", 
            "deleted": false, 
            "modified": "2014-04-06T15:01:43.452", 
            "project": 3, 
            "owner": 4
        }
    }, 
    {
        "pk": 13, 
        "model": "FuzzEd.graph", 
        "fields": {
            "read_only": false, 
            "kind": "dfd", 
            "name": "FooBar", 
            "created": "2014-04-06T15:00:05.309", 
            "deleted": false, 
            "modified": "2014-04-06T15:00:14.493", 
            "project": 3, 
            "owner": 4
        }
    }, 
    {
        "pk": 1, 
        "model": "FuzzEd.node", 
        "fields": {
            "kind": "topEvent", 
            "deleted": false, 
            "graph": 1, 
            "client_id": 0, 
            "y": 1, 
            "x": 10
        }
    }, 
    {
        "pk": 2, 
        "model": "FuzzEd.node", 
        "fields": {
            "kind": "topEvent", 
            "deleted": false, 
            "graph": 2, 
            "client_id": 0, 
            "y": 1, 
            "x": 10
        }
    }, 
    {
        "pk": 3, 
        "model": "FuzzEd.node", 
        "fields": {
            "kind": "start", 
            "deleted": false, 
            "graph": 3, 
            "client_id": 0, 
            "y": 7, 
            "x": 5
        }
    }, 
    {
        "pk": 4, 
        "model": "FuzzEd.node", 
        "fields": {
            "kind": "end", 
            "deleted": false, 
            "graph": 3, 
            "client_id": 1, 
            "y": 7, 
            "x": 15
        }
    }, 
    {
        "pk": 5, 
        "model": "FuzzEd.node", 
        "fields": {
            "kind": "andGate", 
            "deleted": false, 
            "graph": 1, 
            "client_id": 1, 
            "y": 3, 
            "x": 10
        }
    }, 
    {
        "pk": 6, 
        "model": "FuzzEd.node", 
        "fields": {
            "kind": "basicEvent", 
            "deleted": false, 
            "graph": 1, 
            "client_id": 2, 
            "y": 5, 
            "x": 9
        }
    }, 
    {
        "pk": 7, 
        "model": "FuzzEd.node", 
        "fields": {
            "kind": "basicEvent", 
            "deleted": true, 
            "graph": 1, 
            "client_id": 3, 
            "y": 5, 
            "x": 11
        }
    }, 
    {
        "pk": 8, 
        "model": "FuzzEd.node", 
        "fields": {
            "kind": "orGate", 
            "deleted": false, 
            "graph": 1, 
            "client_id": 7, 
            "y": 5, 
            "x": 11
        }
    }, 
    {
        "pk": 9, 
        "model": "FuzzEd.node", 
        "fields": {
            "kind": "basicEvent", 
            "deleted": false, 
            "graph": 1, 
            "client_id": 9, 
            "y": 8, 
            "x": 10
        }
    }, 
    {
        "pk": 10, 
        "model": "FuzzEd.node", 
        "fields": {
            "kind": "basicEvent", 
            "deleted": false, 
            "graph": 1, 
            "client_id": 10, 
            "y": 8, 
            "x": 12
        }
    }, 
    {
        "pk": 11, 
        "model": "FuzzEd.node", 
        "fields": {
            "kind": "andGate", 
            "deleted": false, 
            "graph": 2, 
            "client_id": 1, 
            "y": 3, 
            "x": 10
        }
    }, 
    {
        "pk": 12, 
        "model": "FuzzEd.node", 
        "fields": {
            "kind": "basicEvent", 
            "deleted": false, 
            "graph": 2, 
            "client_id": 2, 
            "y": 5, 
            "x": 9
        }
    }, 
    {
        "pk": 13, 
        "model": "FuzzEd.node", 
        "fields": {
            "kind": "orGate", 
            "deleted": false, 
            "graph": 2, 
            "client_id": 5, 
            "y": 5, 
            "x": 11
        }
    }, 
    {
        "pk": 14, 
        "model": "FuzzEd.node", 
        "fields": {
            "kind": "basicEvent", 
            "deleted": false, 
            "graph": 2, 
            "client_id": 7, 
            "y": 7, 
            "x": 10
        }
    }, 
    {
        "pk": 15, 
        "model": "FuzzEd.node", 
        "fields": {
            "kind": "basicEvent", 
            "deleted": false, 
            "graph": 2, 
            "client_id": 9, 
            "y": 7, 
            "x": 12
        }
    }, 
    {
        "pk": 16, 
        "model": "FuzzEd.node", 
        "fields": {
            "kind": "block", 
            "deleted": false, 
            "graph": 3, 
            "client_id": 2, 
            "y": 5, 
            "x": 10
        }
    }, 
    {
        "pk": 17, 
        "model": "FuzzEd.node", 
        "fields": {
            "kind": "block", 
            "deleted": false, 
            "graph": 3, 
            "client_id": 3, 
            "y": 9, 
            "x": 10
        }
    }, 
    {
        "pk": 18, 
        "model": "FuzzEd.node", 
        "fields": {
            "kind": "topEvent", 
            "deleted": false, 
            "graph": 7, 
            "client_id": 0, 
            "y": 1, 
            "x": 10
        }
    }, 
    {
        "pk": 19, 
        "model": "FuzzEd.node", 
        "fields": {
            "kind": "andGate", 
            "deleted": false, 
            "graph": 7, 
            "client_id": 1, 
            "y": 3, 
            "x": 10
        }
    }, 
    {
        "pk": 20, 
        "model": "FuzzEd.node", 
        "fields": {
            "kind": "basicEventSet", 
            "deleted": false, 
            "graph": 7, 
            "client_id": 3, 
            "y": 5, 
            "x": 10
        }
    }, 
    {
        "pk": 21, 
        "model": "FuzzEd.node", 
        "fields": {
            "kind": "topEvent", 
            "deleted": false, 
            "graph": 8, 
            "client_id": 0, 
            "y": 1, 
            "x": 10
        }
    }, 
    {
        "pk": 23, 
        "model": "FuzzEd.node", 
        "fields": {
            "kind": "process", 
            "deleted": false, 
            "graph": 9, 
            "client_id": 2, 
            "y": 4, 
            "x": 13
        }
    }, 
    {
        "pk": 24, 
        "model": "FuzzEd.node", 
        "fields": {
            "kind": "process", 
            "deleted": false, 
            "graph": 9, 
            "client_id": 3, 
            "y": 4, 
            "x": 17
        }
    }, 
    {
        "pk": 25, 
        "model": "FuzzEd.node", 
        "fields": {
            "kind": "external", 
            "deleted": false, 
            "graph": 9, 
            "client_id": 5, 
            "y": 8, 
            "x": 16
        }
    }, 
    {
        "pk": 26, 
        "model": "FuzzEd.node", 
        "fields": {
            "kind": "storage", 
            "deleted": false, 
            "graph": 9, 
            "client_id": 7, 
            "y": 7, 
            "x": 21
        }
    }, 
    {
        "pk": 27, 
        "model": "FuzzEd.node", 
        "fields": {
            "kind": "process", 
            "deleted": false, 
            "graph": 10, 
            "client_id": 1, 
            "y": 1, 
            "x": 12
        }
    }, 
    {
        "pk": 28, 
        "model": "FuzzEd.node", 
        "fields": {
            "kind": "external", 
            "deleted": false, 
            "graph": 10, 
            "client_id": 2, 
            "y": 1, 
            "x": 16
        }
    }, 
    {
        "pk": 29, 
        "model": "FuzzEd.node", 
        "fields": {
            "kind": "storage", 
            "deleted": true, 
            "graph": 10, 
            "client_id": 4, 
            "y": 8, 
            "x": 15
        }
    }, 
    {
        "pk": 30, 
        "model": "FuzzEd.node", 
        "fields": {
            "kind": "process", 
            "deleted": true, 
            "graph": 10, 
            "client_id": 6, 
            "y": 2, 
            "x": 10
        }
    }, 
    {
        "pk": 31, 
        "model": "FuzzEd.node", 
        "fields": {
            "kind": "external", 
            "deleted": false, 
            "graph": 10, 
            "client_id": 13, 
            "y": 3, 
            "x": 9
        }
    }, 
    {
        "pk": 32, 
        "model": "FuzzEd.node", 
        "fields": {
            "kind": "storage", 
            "deleted": false, 
            "graph": 10, 
            "client_id": 15, 
            "y": 4, 
            "x": 13
        }
    }, 
    {
        "pk": 33, 
        "model": "FuzzEd.node", 
        "fields": {
            "kind": "storage", 
            "deleted": true, 
            "graph": 10, 
            "client_id": 18, 
            "y": 8, 
            "x": 15
        }
    }, 
    {
        "pk": 34, 
        "model": "FuzzEd.node", 
        "fields": {
            "kind": "storage", 
            "deleted": true, 
            "graph": 10, 
            "client_id": 19, 
            "y": 9, 
            "x": 16
        }
    }, 
    {
        "pk": 35, 
        "model": "FuzzEd.node", 
        "fields": {
            "kind": "external", 
            "deleted": false, 
            "graph": 11, 
            "client_id": 1, 
            "y": 3, 
            "x": 13
        }
    }, 
    {
        "pk": 36, 
        "model": "FuzzEd.node", 
        "fields": {
            "kind": "process", 
            "deleted": false, 
            "graph": 11, 
            "client_id": 2, 
            "y": 6, 
            "x": 10
        }
    }, 
    {
        "pk": 37, 
        "model": "FuzzEd.node", 
        "fields": {
            "kind": "topEvent", 
            "deleted": false, 
            "graph": 12, 
            "client_id": 0, 
            "y": 1, 
            "x": 10
        }
    }, 
    {
        "pk": 38, 
        "model": "FuzzEd.node", 
        "fields": {
            "kind": "external", 
            "deleted": false, 
            "graph": 13, 
            "client_id": 1, 
            "y": 2, 
            "x": 10
        }
    }, 
    {
        "pk": 39, 
        "model": "FuzzEd.node", 
        "fields": {
            "kind": "process", 
            "deleted": false, 
            "graph": 13, 
            "client_id": 2, 
            "y": 6, 
            "x": 9
        }
    }, 
    {
        "pk": 40, 
        "model": "FuzzEd.node", 
        "fields": {
            "kind": "undevelopedEvent", 
            "deleted": false, 
            "graph": 12, 
            "client_id": 2, 
            "y": 4, 
            "x": 1
        }
    }, 
    {
        "pk": 41, 
        "model": "FuzzEd.node", 
        "fields": {
            "kind": "intermediateEvent", 
            "deleted": false, 
            "graph": 12, 
            "client_id": 3, 
            "y": 3, 
            "x": 11
        }
    }, 
    {
        "pk": 42, 
        "model": "FuzzEd.node", 
        "fields": {
            "kind": "basicEvent", 
            "deleted": false, 
            "graph": 12, 
            "client_id": 4, 
            "y": 2, 
            "x": 8
        }
    }, 
    {
        "pk": 43, 
        "model": "FuzzEd.node", 
        "fields": {
            "kind": "process", 
            "deleted": false, 
            "graph": 11, 
            "client_id": 4, 
            "y": 6, 
            "x": 15
        }
    }, 
    {
        "pk": 1, 
        "model": "FuzzEd.edge", 
        "fields": {
            "deleted": false, 
            "graph": 1, 
            "target": 5, 
            "client_id": 4, 
            "source": 1
        }
    }, 
    {
        "pk": 2, 
        "model": "FuzzEd.edge", 
        "fields": {
            "deleted": false, 
            "graph": 1, 
            "target": 6, 
            "client_id": 5, 
            "source": 5
        }
    }, 
    {
        "pk": 3, 
        "model": "FuzzEd.edge", 
        "fields": {
            "deleted": true, 
            "graph": 1, 
            "target": 7, 
            "client_id": 6, 
            "source": 5
        }
    }, 
    {
        "pk": 4, 
        "model": "FuzzEd.edge", 
        "fields": {
            "deleted": false, 
            "graph": 1, 
            "target": 8, 
            "client_id": 8, 
            "source": 5
        }
    }, 
    {
        "pk": 5, 
        "model": "FuzzEd.edge", 
        "fields": {
            "deleted": false, 
            "graph": 1, 
            "target": 9, 
            "client_id": 11, 
            "source": 8
        }
    }, 
    {
        "pk": 6, 
        "model": "FuzzEd.edge", 
        "fields": {
            "deleted": false, 
            "graph": 1, 
            "target": 10, 
            "client_id": 12, 
            "source": 8
        }
    }, 
    {
        "pk": 7, 
        "model": "FuzzEd.edge", 
        "fields": {
            "deleted": false, 
            "graph": 2, 
            "target": 11, 
            "client_id": 3, 
            "source": 2
        }
    }, 
    {
        "pk": 8, 
        "model": "FuzzEd.edge", 
        "fields": {
            "deleted": false, 
            "graph": 2, 
            "target": 12, 
            "client_id": 4, 
            "source": 11
        }
    }, 
    {
        "pk": 9, 
        "model": "FuzzEd.edge", 
        "fields": {
            "deleted": false, 
            "graph": 2, 
            "target": 13, 
            "client_id": 6, 
            "source": 11
        }
    }, 
    {
        "pk": 10, 
        "model": "FuzzEd.edge", 
        "fields": {
            "deleted": false, 
            "graph": 2, 
            "target": 14, 
            "client_id": 8, 
            "source": 13
        }
    }, 
    {
        "pk": 11, 
        "model": "FuzzEd.edge", 
        "fields": {
            "deleted": false, 
            "graph": 2, 
            "target": 15, 
            "client_id": 10, 
            "source": 13
        }
    }, 
    {
        "pk": 12, 
        "model": "FuzzEd.edge", 
        "fields": {
            "deleted": false, 
            "graph": 3, 
            "target": 16, 
            "client_id": 4, 
            "source": 3
        }
    }, 
    {
        "pk": 13, 
        "model": "FuzzEd.edge", 
        "fields": {
            "deleted": false, 
            "graph": 3, 
            "target": 17, 
            "client_id": 5, 
            "source": 3
        }
    }, 
    {
        "pk": 14, 
        "model": "FuzzEd.edge", 
        "fields": {
            "deleted": false, 
            "graph": 3, 
            "target": 4, 
            "client_id": 6, 
            "source": 16
        }
    }, 
    {
        "pk": 15, 
        "model": "FuzzEd.edge", 
        "fields": {
            "deleted": false, 
            "graph": 3, 
            "target": 4, 
            "client_id": 7, 
            "source": 17
        }
    }, 
    {
        "pk": 16, 
        "model": "FuzzEd.edge", 
        "fields": {
            "deleted": false, 
            "graph": 7, 
            "target": 19, 
            "client_id": 2, 
            "source": 18
        }
    }, 
    {
        "pk": 17, 
        "model": "FuzzEd.edge", 
        "fields": {
            "deleted": false, 
            "graph": 7, 
            "target": 20, 
            "client_id": 4, 
            "source": 19
        }
    }, 
    {
        "pk": 18, 
        "model": "FuzzEd.edge", 
        "fields": {
            "deleted": false, 
            "graph": 9, 
            "target": 24, 
            "client_id": 4, 
            "source": 23
        }
    }, 
    {
        "pk": 19, 
        "model": "FuzzEd.edge", 
        "fields": {
            "deleted": false, 
            "graph": 9, 
            "target": 25, 
            "client_id": 6, 
            "source": 24
        }
    }, 
    {
        "pk": 20, 
        "model": "FuzzEd.edge", 
        "fields": {
            "deleted": false, 
            "graph": 9, 
            "target": 26, 
            "client_id": 8, 
            "source": 24
        }
    }, 
    {
        "pk": 21, 
        "model": "FuzzEd.edge", 
        "fields": {
            "deleted": false, 
            "graph": 10, 
            "target": 28, 
            "client_id": 3, 
            "source": 27
        }
    }, 
    {
        "pk": 22, 
        "model": "FuzzEd.edge", 
        "fields": {
            "deleted": true, 
            "graph": 10, 
            "target": 29, 
            "client_id": 5, 
            "source": 27
        }
    }, 
    {
        "pk": 23, 
        "model": "FuzzEd.edge", 
        "fields": {
            "deleted": false, 
            "graph": 10, 
            "target": 31, 
            "client_id": 14, 
            "source": 27
        }
    }, 
    {
        "pk": 24, 
        "model": "FuzzEd.edge", 
        "fields": {
            "deleted": false, 
            "graph": 10, 
            "target": 32, 
            "client_id": 16, 
            "source": 27
        }
    }, 
    {
        "pk": 25, 
        "model": "FuzzEd.edge", 
        "fields": {
            "deleted": false, 
            "graph": 13, 
            "target": 39, 
            "client_id": 3, 
            "source": 38
        }
    }, 
    {
        "pk": 26, 
        "model": "FuzzEd.edge", 
        "fields": {
            "deleted": false, 
            "graph": 11, 
            "target": 35, 
            "client_id": 5, 
            "source": 43
        }
    }, 
    {
        "pk": 1, 
        "model": "FuzzEd.property", 
        "fields": {
            "node": 6, 
            "deleted": false, 
            "key": "name", 
            "value": "Basic Event"
        }
    }, 
    {
        "pk": 2, 
        "model": "FuzzEd.property", 
        "fields": {
            "node": 6, 
            "deleted": false, 
            "key": "probability", 
            "value": "[0, 0.5]"
        }
    }, 
    {
        "pk": 3, 
        "model": "FuzzEd.property", 
        "fields": {
            "node": 7, 
            "deleted": false, 
            "key": "name", 
            "value": "Basic Event"
        }
    }, 
    {
        "pk": 4, 
        "model": "FuzzEd.property", 
        "fields": {
            "node": 7, 
            "deleted": false, 
            "key": "probability", 
            "value": "[0, 0]"
        }
    }, 
    {
        "pk": 5, 
        "model": "FuzzEd.property", 
        "fields": {
            "node": 9, 
            "deleted": false, 
            "key": "name", 
            "value": "Basic Event"
        }
    }, 
    {
        "pk": 6, 
        "model": "FuzzEd.property", 
        "fields": {
            "node": 9, 
            "deleted": false, 
            "key": "probability", 
            "value": "[0, 0.3]"
        }
    }, 
    {
        "pk": 7, 
        "model": "FuzzEd.property", 
        "fields": {
            "node": 10, 
            "deleted": false, 
            "key": "name", 
            "value": "Basic Event"
        }
    }, 
    {
        "pk": 8, 
        "model": "FuzzEd.property", 
        "fields": {
            "node": 10, 
            "deleted": false, 
            "key": "probability", 
            "value": "[1, 10000]"
        }
    }, 
    {
        "pk": 9, 
        "model": "FuzzEd.property", 
        "fields": {
            "node": 12, 
            "deleted": false, 
            "key": "cost", 
            "value": 1
        }
    }, 
    {
        "pk": 10, 
        "model": "FuzzEd.property", 
        "fields": {
            "node": 12, 
            "deleted": false, 
            "key": "optional", 
            "value": false
        }
    }, 
    {
        "pk": 11, 
        "model": "FuzzEd.property", 
        "fields": {
            "node": 12, 
            "deleted": false, 
            "key": "name", 
            "value": "Basic Event"
        }
    }, 
    {
        "pk": 12, 
        "model": "FuzzEd.property", 
        "fields": {
            "node": 12, 
            "deleted": false, 
            "key": "probability", 
            "value": "[0, [0.5, 0.03]]"
        }
    }, 
    {
        "pk": 13, 
        "model": "FuzzEd.property", 
        "fields": {
            "node": 14, 
            "deleted": false, 
            "key": "cost", 
            "value": 1
        }
    }, 
    {
        "pk": 14, 
        "model": "FuzzEd.property", 
        "fields": {
            "node": 14, 
            "deleted": false, 
            "key": "optional", 
            "value": false
        }
    }, 
    {
        "pk": 15, 
        "model": "FuzzEd.property", 
        "fields": {
            "node": 14, 
            "deleted": false, 
            "key": "name", 
            "value": "Basic Event"
        }
    }, 
    {
        "pk": 16, 
        "model": "FuzzEd.property", 
        "fields": {
            "node": 14, 
            "deleted": false, 
            "key": "probability", 
            "value": "[1, 20000]"
        }
    }, 
    {
        "pk": 17, 
        "model": "FuzzEd.property", 
        "fields": {
            "node": 15, 
            "deleted": false, 
            "key": "cost", 
            "value": 1
        }
    }, 
    {
        "pk": 18, 
        "model": "FuzzEd.property", 
        "fields": {
            "node": 15, 
            "deleted": false, 
            "key": "optional", 
            "value": false
        }
    }, 
    {
        "pk": 19, 
        "model": "FuzzEd.property", 
        "fields": {
            "node": 15, 
            "deleted": false, 
            "key": "name", 
            "value": "Basic Event"
        }
    }, 
    {
        "pk": 20, 
        "model": "FuzzEd.property", 
        "fields": {
            "node": 15, 
            "deleted": false, 
            "key": "probability", 
            "value": "[2, [0.925, 0.075]]"
        }
    }, 
    {
        "pk": 21, 
        "model": "FuzzEd.property", 
        "fields": {
            "node": 16, 
            "deleted": false, 
            "key": "name", 
            "value": "Node"
        }
    }, 
    {
        "pk": 22, 
        "model": "FuzzEd.property", 
        "fields": {
            "node": 16, 
            "deleted": false, 
            "key": "probability", 
            "value": "[0, 0.7]"
        }
    }, 
    {
        "pk": 23, 
        "model": "FuzzEd.property", 
        "fields": {
            "node": 17, 
            "deleted": false, 
            "key": "name", 
            "value": "Node"
        }
    }, 
    {
        "pk": 24, 
        "model": "FuzzEd.property", 
        "fields": {
            "node": 17, 
            "deleted": false, 
            "key": "probability", 
            "value": "[1, 15000]"
        }
    }, 
    {
        "pk": 25, 
        "model": "FuzzEd.property", 
        "fields": {
            "node": 2, 
            "deleted": false, 
            "key": "missionTime", 
            "value": 17700
        }
    }, 
    {
        "pk": 26, 
        "model": "FuzzEd.property", 
        "fields": {
            "node": 2, 
            "deleted": false, 
            "key": "decompositions", 
            "value": 10
        }
    }, 
    {
        "pk": 27, 
        "model": "FuzzEd.property", 
        "fields": {
            "node": 1, 
            "deleted": false, 
            "key": "missionTime", 
            "value": 16600
        }
    }, 
    {
        "pk": 28, 
        "model": "FuzzEd.property", 
        "fields": {
            "node": 20, 
            "deleted": false, 
            "key": "cardinality", 
            "value": 1
        }
    }, 
    {
        "pk": 29, 
        "model": "FuzzEd.property", 
        "fields": {
            "node": 20, 
            "deleted": false, 
            "key": "name", 
            "value": "Basic Event Set"
        }
    }, 
    {
        "pk": 30, 
        "model": "FuzzEd.property", 
        "fields": {
            "node": 20, 
            "deleted": false, 
            "key": "probability", 
            "value": "[0, 0]"
        }
    }, 
    {
        "pk": 31, 
        "model": "FuzzEd.property", 
        "fields": {
            "node": 23, 
            "deleted": false, 
            "key": "zones", 
            "value": "[]"
        }
    }, 
    {
        "pk": 32, 
        "model": "FuzzEd.property", 
        "fields": {
            "node": 23, 
            "deleted": false, 
            "key": "out_labels", 
            "value": "[]"
        }
    }, 
    {
        "pk": 33, 
        "model": "FuzzEd.property", 
        "fields": {
            "node": 23, 
            "deleted": false, 
            "key": "name", 
            "value": "Process"
        }
    }, 
    {
        "pk": 34, 
        "model": "FuzzEd.property", 
        "fields": {
            "node": 24, 
            "deleted": false, 
            "key": "zones", 
            "value": "[]"
        }
    }, 
    {
        "pk": 35, 
        "model": "FuzzEd.property", 
        "fields": {
            "node": 24, 
            "deleted": false, 
            "key": "out_labels", 
            "value": "[]"
        }
    }, 
    {
        "pk": 36, 
        "model": "FuzzEd.property", 
        "fields": {
            "node": 24, 
            "deleted": false, 
            "key": "name", 
            "value": "Process"
        }
    }, 
    {
        "pk": 37, 
        "model": "FuzzEd.property", 
        "fields": {
            "node": 25, 
            "deleted": false, 
            "key": "zones", 
            "value": "[]"
        }
    }, 
    {
        "pk": 38, 
        "model": "FuzzEd.property", 
        "fields": {
            "node": 25, 
            "deleted": false, 
            "key": "out_labels", 
            "value": "[]"
        }
    }, 
    {
        "pk": 39, 
        "model": "FuzzEd.property", 
        "fields": {
            "node": 25, 
            "deleted": false, 
            "key": "name", 
            "value": "External Entity"
        }
    }, 
    {
        "pk": 40, 
        "model": "FuzzEd.property", 
        "fields": {
            "node": 26, 
            "deleted": false, 
            "key": "zones", 
            "value": "[]"
        }
    }, 
    {
        "pk": 41, 
        "model": "FuzzEd.property", 
        "fields": {
            "node": 26, 
            "deleted": false, 
            "key": "out_labels", 
            "value": "[]"
        }
    }, 
    {
        "pk": 42, 
        "model": "FuzzEd.property", 
        "fields": {
            "node": 26, 
            "deleted": false, 
            "key": "name", 
            "value": "Storage"
        }
    }, 
    {
        "pk": 43, 
        "model": "FuzzEd.property", 
        "fields": {
            "node": 27, 
            "deleted": false, 
            "key": "zones", 
            "value": "[]"
        }
    }, 
    {
        "pk": 44, 
        "model": "FuzzEd.property", 
        "fields": {
            "node": 27, 
            "deleted": false, 
            "key": "out_labels", 
            "value": "[]"
        }
    }, 
    {
        "pk": 45, 
        "model": "FuzzEd.property", 
        "fields": {
            "node": 27, 
            "deleted": false, 
            "key": "name", 
            "value": "Process"
        }
    }, 
    {
        "pk": 46, 
        "model": "FuzzEd.property", 
        "fields": {
            "node": 28, 
            "deleted": false, 
            "key": "zones", 
            "value": "[]"
        }
    }, 
    {
        "pk": 47, 
        "model": "FuzzEd.property", 
        "fields": {
            "node": 28, 
            "deleted": false, 
            "key": "out_labels", 
            "value": "[]"
        }
    }, 
    {
        "pk": 48, 
        "model": "FuzzEd.property", 
        "fields": {
            "node": 28, 
            "deleted": false, 
            "key": "name", 
            "value": "External Entity"
        }
    }, 
    {
        "pk": 49, 
        "model": "FuzzEd.property", 
        "fields": {
            "node": 29, 
            "deleted": false, 
            "key": "zones", 
            "value": "[]"
        }
    }, 
    {
        "pk": 50, 
        "model": "FuzzEd.property", 
        "fields": {
            "node": 29, 
            "deleted": false, 
            "key": "out_labels", 
            "value": "[]"
        }
    }, 
    {
        "pk": 51, 
        "model": "FuzzEd.property", 
        "fields": {
            "node": 29, 
            "deleted": false, 
            "key": "name", 
            "value": "Storage"
        }
    }, 
    {
        "pk": 52, 
        "model": "FuzzEd.property", 
        "fields": {
            "node": 30, 
            "deleted": false, 
            "key": "zones", 
            "value": "[]"
        }
    }, 
    {
        "pk": 53, 
        "model": "FuzzEd.property", 
        "fields": {
            "node": 30, 
            "deleted": false, 
            "key": "out_labels", 
            "value": "[]"
        }
    }, 
    {
        "pk": 54, 
        "model": "FuzzEd.property", 
        "fields": {
            "node": 30, 
            "deleted": false, 
            "key": "name", 
            "value": "Process"
        }
    }, 
    {
        "pk": 55, 
        "model": "FuzzEd.property", 
        "fields": {
            "node": 31, 
            "deleted": false, 
            "key": "zones", 
            "value": "[]"
        }
    }, 
    {
        "pk": 56, 
        "model": "FuzzEd.property", 
        "fields": {
            "node": 31, 
            "deleted": false, 
            "key": "out_labels", 
            "value": "[]"
        }
    }, 
    {
        "pk": 57, 
        "model": "FuzzEd.property", 
        "fields": {
            "node": 31, 
            "deleted": false, 
            "key": "name", 
            "value": "External Entity"
        }
    }, 
    {
        "pk": 58, 
        "model": "FuzzEd.property", 
        "fields": {
            "node": 32, 
            "deleted": false, 
            "key": "zones", 
            "value": "[]"
        }
    }, 
    {
        "pk": 59, 
        "model": "FuzzEd.property", 
        "fields": {
            "node": 32, 
            "deleted": false, 
            "key": "out_labels", 
            "value": "[]"
        }
    }, 
    {
        "pk": 60, 
        "model": "FuzzEd.property", 
        "fields": {
            "node": 32, 
            "deleted": false, 
            "key": "name", 
            "value": "Storage"
        }
    }, 
    {
        "pk": 61, 
        "model": "FuzzEd.property", 
        "fields": {
            "node": 33, 
            "deleted": false, 
            "key": "zones", 
            "value": "[]"
        }
    }, 
    {
        "pk": 62, 
        "model": "FuzzEd.property", 
        "fields": {
            "node": 33, 
            "deleted": false, 
            "key": "out_labels", 
            "value": "[]"
        }
    }, 
    {
        "pk": 63, 
        "model": "FuzzEd.property", 
        "fields": {
            "node": 33, 
            "deleted": false, 
            "key": "name", 
            "value": "Storage"
        }
    }, 
    {
        "pk": 64, 
        "model": "FuzzEd.property", 
        "fields": {
            "node": 34, 
            "deleted": false, 
            "key": "zones", 
            "value": "[]"
        }
    }, 
    {
        "pk": 65, 
        "model": "FuzzEd.property", 
        "fields": {
            "node": 34, 
            "deleted": false, 
            "key": "out_labels", 
            "value": "[]"
        }
    }, 
    {
        "pk": 66, 
        "model": "FuzzEd.property", 
        "fields": {
            "node": 34, 
            "deleted": false, 
            "key": "name", 
            "value": "Storage"
        }
    }, 
    {
        "pk": 67, 
        "model": "FuzzEd.property", 
        "fields": {
            "node": 35, 
            "deleted": false, 
            "key": "zones", 
            "value": "[]"
        }
    }, 
    {
        "pk": 68, 
        "model": "FuzzEd.property", 
        "fields": {
            "node": 35, 
            "deleted": false, 
            "key": "out_labels", 
            "value": "[]"
        }
    }, 
    {
        "pk": 69, 
        "model": "FuzzEd.property", 
        "fields": {
            "node": 35, 
            "deleted": false, 
            "key": "name", 
            "value": "External Entity"
        }
    }, 
    {
        "pk": 70, 
        "model": "FuzzEd.property", 
        "fields": {
            "node": 36, 
            "deleted": false, 
            "key": "zones", 
            "value": "[]"
        }
    }, 
    {
        "pk": 71, 
        "model": "FuzzEd.property", 
        "fields": {
            "node": 36, 
            "deleted": false, 
            "key": "out_labels", 
            "value": "[]"
        }
    }, 
    {
        "pk": 72, 
        "model": "FuzzEd.property", 
        "fields": {
            "node": 36, 
            "deleted": false, 
            "key": "name", 
            "value": "Process"
        }
    }, 
    {
        "pk": 73, 
        "model": "FuzzEd.property", 
        "fields": {
            "node": 38, 
            "deleted": false, 
            "key": "zones", 
            "value": "[]"
        }
    }, 
    {
        "pk": 74, 
        "model": "FuzzEd.property", 
        "fields": {
            "node": 38, 
            "deleted": false, 
            "key": "out_labels", 
            "value": "[]"
        }
    }, 
    {
        "pk": 75, 
        "model": "FuzzEd.property", 
        "fields": {
            "node": 38, 
            "deleted": false, 
            "key": "name", 
            "value": "External Entity"
        }
    }, 
    {
        "pk": 76, 
        "model": "FuzzEd.property", 
        "fields": {
            "node": 39, 
            "deleted": false, 
            "key": "zones", 
            "value": "[]"
        }
    }, 
    {
        "pk": 77, 
        "model": "FuzzEd.property", 
        "fields": {
            "node": 39, 
            "deleted": false, 
            "key": "out_labels", 
            "value": "[]"
        }
    }, 
    {
        "pk": 78, 
        "model": "FuzzEd.property", 
        "fields": {
            "node": 39, 
            "deleted": false, 
            "key": "name", 
            "value": "Process"
        }
    }, 
    {
        "pk": 79, 
        "model": "FuzzEd.property", 
        "fields": {
            "node": 40, 
            "deleted": false, 
            "key": "name", 
            "value": "Undeveloped Event"
        }
    }, 
    {
        "pk": 80, 
        "model": "FuzzEd.property", 
        "fields": {
            "node": 41, 
            "deleted": false, 
            "key": "name", 
            "value": "Intermediate Event"
        }
    }, 
    {
        "pk": 81, 
        "model": "FuzzEd.property", 
        "fields": {
            "node": 42, 
            "deleted": false, 
            "key": "name", 
            "value": "asocjpa"
        }
    }, 
    {
        "pk": 82, 
        "model": "FuzzEd.property", 
        "fields": {
            "node": 42, 
            "deleted": false, 
            "key": "probability", 
            "value": "[0, 0]"
        }
    }, 
    {
        "pk": 83, 
        "model": "FuzzEd.property", 
        "fields": {
            "node": 43, 
            "deleted": false, 
            "key": "zones", 
            "value": "[]"
        }
    }, 
    {
        "pk": 84, 
        "model": "FuzzEd.property", 
        "fields": {
            "node": 43, 
            "deleted": false, 
            "key": "out_labels", 
            "value": "[]"
        }
    }, 
    {
        "pk": 85, 
        "model": "FuzzEd.property", 
        "fields": {
            "node": 43, 
            "deleted": false, 
            "key": "name", 
            "value": "Process"
        }
    }, 
    {
        "pk": 2, 
        "model": "auth.user", 
        "fields": {
            "username": "testadmin", 
            "password": "pbkdf2_sha256$10000$JNt1EZn2g72p$vX3UFh7g4mPa313pWW4lf4YxkUhL534V8/kxFaQ1XvM="
        }
    }
]