[
    {
        "pk": 1, 
        "model": "FuzzEd.project", 
        "fields": {
            "name": "Test Project", 
            "created": "2014-03-17T07:50:45.835", 
            "deleted": false, 
            "modified": "2014-03-19T22:29:35.236", 
            "owner": 2, 
            "users": []
        }
    }, 
    {
        "pk": 1, 
        "model": "FuzzEd.graph", 
        "fields": {
            "read_only": false, 
            "kind": "faulttree", 
            "name": "Fault Tree", 
            "created": "2014-03-17T07:50:53.299", 
            "deleted": false, 
            "modified": "2014-03-19T22:29:35.233", 
            "project": 1, 
            "owner": 2
        }
    }, 
    {
        "pk": 2, 
        "model": "FuzzEd.graph", 
        "fields": {
            "read_only": false, 
            "kind": "fuzztree", 
            "name": "FuzzTree", 
            "created": "2014-03-17T07:50:59.914", 
            "deleted": false, 
            "modified": "2014-03-19T22:29:24.337", 
            "project": 1, 
            "owner": 2
        }
    }, 
    {
        "pk": 3, 
        "model": "FuzzEd.graph", 
        "fields": {
            "read_only": false, 
            "kind": "rbd", 
            "name": "RBD", 
            "created": "2014-03-17T07:51:08.587", 
            "deleted": false, 
            "modified": "2014-03-19T22:29:03.009", 
            "project": 1, 
            "owner": 2
        }
    }, 
    {
        "pk": 4, 
        "model": "FuzzEd.graph", 
        "fields": {
            "read_only": false, 
            "kind": "faulttree", 
            "name": "Reliability Diagram", 
            "created": "2013-11-03T22:53:11.563", 
            "deleted": true, 
            "modified": "2014-03-17T18:18:53.637", 
            "project": 1, 
            "owner": 2
        }
    }, 
    {
        "pk": 5, 
        "model": "FuzzEd.graph", 
        "fields": {
            "read_only": false, 
            "kind": "faulttree", 
            "name": "Reliability Diagram", 
            "created": "2013-11-03T23:02:41.621", 
            "deleted": true, 
            "modified": "2014-03-17T18:18:53.642", 
            "project": 1, 
            "owner": 2
        }
    }, 
    {
        "pk": 6, 
        "model": "FuzzEd.graph", 
        "fields": {
            "read_only": false, 
            "kind": "faulttree", 
            "name": "Reliability Diagram", 
            "created": "2013-11-03T23:03:02.242", 
            "deleted": true, 
            "modified": "2014-03-19T22:27:42.886", 
            "project": 1, 
            "owner": 2
        }
    }, 
    {
        "pk": 1, 
        "model": "FuzzEd.node", 
        "fields": {
            "kind": "topEvent", 
            "deleted": false, 
            "graph": 1, 
            "client_id": 0, 
            "y": 1, 
            "x": 10
        }
    }, 
    {
        "pk": 2, 
        "model": "FuzzEd.node", 
        "fields": {
            "kind": "topEvent", 
            "deleted": false, 
            "graph": 2, 
            "client_id": 0, 
            "y": 1, 
            "x": 10
        }
    }, 
    {
        "pk": 3, 
        "model": "FuzzEd.node", 
        "fields": {
            "kind": "start", 
            "deleted": false, 
            "graph": 3, 
            "client_id": 0, 
            "y": 7, 
            "x": 5
        }
    }, 
    {
        "pk": 4, 
        "model": "FuzzEd.node", 
        "fields": {
            "kind": "end", 
            "deleted": false, 
            "graph": 3, 
            "client_id": 1, 
            "y": 7, 
            "x": 15
        }
    }, 
    {
        "pk": 5, 
        "model": "FuzzEd.node", 
        "fields": {
            "kind": "andGate", 
            "deleted": false, 
            "graph": 1, 
            "client_id": 1, 
            "y": 3, 
            "x": 10
        }
    }, 
    {
        "pk": 6, 
        "model": "FuzzEd.node", 
        "fields": {
            "kind": "basicEvent", 
            "deleted": false, 
            "graph": 1, 
            "client_id": 2, 
            "y": 5, 
            "x": 9
        }
    }, 
    {
        "pk": 7, 
        "model": "FuzzEd.node", 
        "fields": {
            "kind": "basicEvent", 
            "deleted": true, 
            "graph": 1, 
            "client_id": 3, 
            "y": 5, 
            "x": 11
        }
    }, 
    {
        "pk": 8, 
        "model": "FuzzEd.node", 
        "fields": {
            "kind": "orGate", 
            "deleted": false, 
            "graph": 1, 
            "client_id": 7, 
            "y": 5, 
            "x": 11
        }
    }, 
    {
        "pk": 9, 
        "model": "FuzzEd.node", 
        "fields": {
            "kind": "basicEvent", 
            "deleted": false, 
            "graph": 1, 
            "client_id": 9, 
            "y": 8, 
            "x": 10
        }
    }, 
    {
        "pk": 10, 
        "model": "FuzzEd.node", 
        "fields": {
            "kind": "basicEvent", 
            "deleted": false, 
            "graph": 1, 
            "client_id": 10, 
            "y": 8, 
            "x": 12
        }
    }, 
    {
        "pk": 11, 
        "model": "FuzzEd.node", 
        "fields": {
            "kind": "andGate", 
            "deleted": false, 
            "graph": 2, 
            "client_id": 1, 
            "y": 3, 
            "x": 10
        }
    }, 
    {
        "pk": 12, 
        "model": "FuzzEd.node", 
        "fields": {
            "kind": "basicEvent", 
            "deleted": false, 
            "graph": 2, 
            "client_id": 2, 
            "y": 5, 
            "x": 9
        }
    }, 
    {
        "pk": 13, 
        "model": "FuzzEd.node", 
        "fields": {
            "kind": "orGate", 
            "deleted": false, 
            "graph": 2, 
            "client_id": 5, 
            "y": 5, 
            "x": 11
        }
    }, 
    {
        "pk": 14, 
        "model": "FuzzEd.node", 
        "fields": {
            "kind": "basicEvent", 
            "deleted": false, 
            "graph": 2, 
            "client_id": 7, 
            "y": 7, 
            "x": 10
        }
    }, 
    {
        "pk": 15, 
        "model": "FuzzEd.node", 
        "fields": {
            "kind": "basicEvent", 
            "deleted": false, 
            "graph": 2, 
            "client_id": 9, 
            "y": 7, 
            "x": 12
        }
    }, 
    {
        "pk": 16, 
        "model": "FuzzEd.node", 
        "fields": {
            "kind": "block", 
            "deleted": false, 
            "graph": 3, 
            "client_id": 2, 
            "y": 5, 
            "x": 10
        }
    }, 
    {
        "pk": 17, 
        "model": "FuzzEd.node", 
        "fields": {
            "kind": "block", 
            "deleted": false, 
            "graph": 3, 
            "client_id": 3, 
            "y": 9, 
            "x": 10
        }
    }, 
    {
        "pk": 1, 
        "model": "FuzzEd.edge", 
        "fields": {
            "deleted": false, 
            "graph": 1, 
            "target": 5, 
            "client_id": 4, 
            "source": 1
        }
    }, 
    {
        "pk": 2, 
        "model": "FuzzEd.edge", 
        "fields": {
            "deleted": false, 
            "graph": 1, 
            "target": 6, 
            "client_id": 5, 
            "source": 5
        }
    }, 
    {
        "pk": 3, 
        "model": "FuzzEd.edge", 
        "fields": {
            "deleted": true, 
            "graph": 1, 
            "target": 7, 
            "client_id": 6, 
            "source": 5
        }
    }, 
    {
        "pk": 4, 
        "model": "FuzzEd.edge", 
        "fields": {
            "deleted": false, 
            "graph": 1, 
            "target": 8, 
            "client_id": 8, 
            "source": 5
        }
    }, 
    {
        "pk": 5, 
        "model": "FuzzEd.edge", 
        "fields": {
            "deleted": false, 
            "graph": 1, 
            "target": 9, 
            "client_id": 11, 
            "source": 8
        }
    }, 
    {
        "pk": 6, 
        "model": "FuzzEd.edge", 
        "fields": {
            "deleted": false, 
            "graph": 1, 
            "target": 10, 
            "client_id": 12, 
            "source": 8
        }
    }, 
    {
        "pk": 7, 
        "model": "FuzzEd.edge", 
        "fields": {
            "deleted": false, 
            "graph": 2, 
            "target": 11, 
            "client_id": 3, 
            "source": 2
        }
    }, 
    {
        "pk": 8, 
        "model": "FuzzEd.edge", 
        "fields": {
            "deleted": false, 
            "graph": 2, 
            "target": 12, 
            "client_id": 4, 
            "source": 11
        }
    }, 
    {
        "pk": 9, 
        "model": "FuzzEd.edge", 
        "fields": {
            "deleted": false, 
            "graph": 2, 
            "target": 13, 
            "client_id": 6, 
            "source": 11
        }
    }, 
    {
        "pk": 10, 
        "model": "FuzzEd.edge", 
        "fields": {
            "deleted": false, 
            "graph": 2, 
            "target": 14, 
            "client_id": 8, 
            "source": 13
        }
    }, 
    {
        "pk": 11, 
        "model": "FuzzEd.edge", 
        "fields": {
            "deleted": false, 
            "graph": 2, 
            "target": 15, 
            "client_id": 10, 
            "source": 13
        }
    }, 
    {
        "pk": 12, 
        "model": "FuzzEd.edge", 
        "fields": {
            "deleted": false, 
            "graph": 3, 
            "target": 16, 
            "client_id": 4, 
            "source": 3
        }
    }, 
    {
        "pk": 13, 
        "model": "FuzzEd.edge", 
        "fields": {
            "deleted": false, 
            "graph": 3, 
            "target": 17, 
            "client_id": 5, 
            "source": 3
        }
    }, 
    {
        "pk": 14, 
        "model": "FuzzEd.edge", 
        "fields": {
            "deleted": false, 
            "graph": 3, 
            "target": 4, 
            "client_id": 6, 
            "source": 16
        }
    }, 
    {
        "pk": 15, 
        "model": "FuzzEd.edge", 
        "fields": {
            "deleted": false, 
            "graph": 3, 
            "target": 4, 
            "client_id": 7, 
            "source": 17
        }
    }, 
    {
        "pk": 1, 
        "model": "FuzzEd.property", 
        "fields": {
            "node": 6, 
            "deleted": false, 
            "key": "name", 
            "value": "Basic Event"
        }
    }, 
    {
        "pk": 2, 
        "model": "FuzzEd.property", 
        "fields": {
            "node": 6, 
            "deleted": false, 
            "key": "probability", 
            "value": "[0, 0.5]"
        }
    }, 
    {
        "pk": 3, 
        "model": "FuzzEd.property", 
        "fields": {
            "node": 7, 
            "deleted": false, 
            "key": "name", 
            "value": "Basic Event"
        }
    }, 
    {
        "pk": 4, 
        "model": "FuzzEd.property", 
        "fields": {
            "node": 7, 
            "deleted": false, 
            "key": "probability", 
            "value": "[0, 0]"
        }
    }, 
    {
        "pk": 5, 
        "model": "FuzzEd.property", 
        "fields": {
            "node": 9, 
            "deleted": false, 
            "key": "name", 
            "value": "Basic Event"
        }
    }, 
    {
        "pk": 6, 
        "model": "FuzzEd.property", 
        "fields": {
            "node": 9, 
            "deleted": false, 
            "key": "probability", 
            "value": "[0, 0.3]"
        }
    }, 
    {
        "pk": 7, 
        "model": "FuzzEd.property", 
        "fields": {
            "node": 10, 
            "deleted": false, 
            "key": "name", 
            "value": "Basic Event"
        }
    }, 
    {
        "pk": 8, 
        "model": "FuzzEd.property", 
        "fields": {
            "node": 10, 
            "deleted": false, 
            "key": "probability", 
            "value": "[1, 10000]"
        }
    }, 
    {
        "pk": 9, 
        "model": "FuzzEd.property", 
        "fields": {
            "node": 12, 
            "deleted": false, 
            "key": "cost", 
            "value": 1
        }
    }, 
    {
        "pk": 10, 
        "model": "FuzzEd.property", 
        "fields": {
            "node": 12, 
            "deleted": false, 
            "key": "optional", 
            "value": false
        }
    }, 
    {
        "pk": 11, 
        "model": "FuzzEd.property", 
        "fields": {
            "node": 12, 
            "deleted": false, 
            "key": "name", 
            "value": "Basic Event"
        }
    }, 
    {
        "pk": 12, 
        "model": "FuzzEd.property", 
        "fields": {
            "node": 12, 
            "deleted": false, 
            "key": "probability", 
            "value": "[0, [0.5, 0.03]]"
        }
    }, 
    {
        "pk": 13, 
        "model": "FuzzEd.property", 
        "fields": {
            "node": 14, 
            "deleted": false, 
            "key": "cost", 
            "value": 1
        }
    }, 
    {
        "pk": 14, 
        "model": "FuzzEd.property", 
        "fields": {
            "node": 14, 
            "deleted": false, 
            "key": "optional", 
            "value": false
        }
    }, 
    {
        "pk": 15, 
        "model": "FuzzEd.property", 
        "fields": {
            "node": 14, 
            "deleted": false, 
            "key": "name", 
            "value": "Basic Event"
        }
    }, 
    {
        "pk": 16, 
        "model": "FuzzEd.property", 
        "fields": {
            "node": 14, 
            "deleted": false, 
            "key": "probability", 
            "value": "[1, 20000]"
        }
    }, 
    {
        "pk": 17, 
        "model": "FuzzEd.property", 
        "fields": {
            "node": 15, 
            "deleted": false, 
            "key": "cost", 
            "value": 1
        }
    }, 
    {
        "pk": 18, 
        "model": "FuzzEd.property", 
        "fields": {
            "node": 15, 
            "deleted": false, 
            "key": "optional", 
            "value": false
        }
    }, 
    {
        "pk": 19, 
        "model": "FuzzEd.property", 
        "fields": {
            "node": 15, 
            "deleted": false, 
            "key": "name", 
            "value": "Basic Event"
        }
    }, 
    {
        "pk": 20, 
        "model": "FuzzEd.property", 
        "fields": {
            "node": 15, 
            "deleted": false, 
            "key": "probability", 
            "value": "[2, [0.925, 0.075]]"
        }
    }, 
    {
        "pk": 21, 
        "model": "FuzzEd.property", 
        "fields": {
            "node": 16, 
            "deleted": false, 
            "key": "name", 
            "value": "Node"
        }
    }, 
    {
        "pk": 22, 
        "model": "FuzzEd.property", 
        "fields": {
            "node": 16, 
            "deleted": false, 
            "key": "probability", 
            "value": "[0, 0.7]"
        }
    }, 
    {
        "pk": 23, 
        "model": "FuzzEd.property", 
        "fields": {
            "node": 17, 
            "deleted": false, 
            "key": "name", 
            "value": "Node"
        }
    }, 
    {
        "pk": 24, 
        "model": "FuzzEd.property", 
        "fields": {
            "node": 17, 
            "deleted": false, 
            "key": "probability", 
            "value": "[1, 15000]"
        }
    }, 
    {
        "pk": 25, 
        "model": "FuzzEd.property", 
        "fields": {
            "node": 2, 
            "deleted": false, 
            "key": "missionTime", 
            "value": 17700
        }
    }, 
    {
        "pk": 26, 
        "model": "FuzzEd.property", 
        "fields": {
            "node": 2, 
            "deleted": false, 
            "key": "decompositions", 
            "value": 10
        }
    }, 
    {
        "pk": 27, 
        "model": "FuzzEd.property", 
        "fields": {
            "node": 1, 
            "deleted": false, 
            "key": "missionTime", 
            "value": 16600
        }
    }, 
    {
        "pk": 2, 
        "model": "auth.user", 
        "fields": {
            "username": "testadmin", 
            "password": "pbkdf2_sha256$10000$JNt1EZn2g72p$vX3UFh7g4mPa313pWW4lf4YxkUhL534V8/kxFaQ1XvM="
        }
    }
]